Workbook

Sheet Guia
A1: CV y Portfolio Web — Nahuel Argandoña
A2: Uso: actualizar Sprint 1 y casos de prueba; Trazabilidad, Gantt y resumen se calculan desde esas hojas.
A3: Campo | B3: Valor
A4: Versión | B4: 1.0 · 17/10/2026
A5: Alcance | B5: Sprint 1 estático; evolución dinámica pendiente de priorización.
A6: Fechas | B6: Sin calendario confirmado. Gantt usa días relativos propuestos; no son fechas comprometidas.
A7: Estimación | B7: XS/S/M/L/XL y duraciones iniciales propuestas para revisar según disponibilidad.
A8: Responsable | B8: Nahuel Argandoña
A9: Estados | B9: Actualizar solo con avance real. Terminado requiere pruebas y criterios cumplidos.
A10: Fuentes | B10: Wiki y DOCX del portfolio; prompt suministrado. PintaEbook se usa como referencia visual y de estructura.
A11: Tareas terminadas | B11: =COUNTIF('Sprint 1'!G4:G17,"Terminado") -> 14
A12: Avance del sprint | B12: =B11/COUNTA('Sprint 1'!B4:B17) -> 1
A13: Casos aprobados | B13: =COUNTIF('TC Funcionales'!J4:J12,"PASS")+COUNTIF('TC Accesibilidad'!J4:J5,"PASS")+COUNTIF('TC Despliegue'!J4,"PASS") -> 12
A14: Casos ejecutados | B14: =COUNTIF('TC Funcionales'!J4:J12,"PASS")+COUNTIF('TC Funcionales'!J4:J12,"FAIL")+COUNTIF('TC Accesibilidad'!J4:J5,"PASS")+COUNTIF('TC Accesibilidad'!J4:J5,"FAIL")+COUNTIF('TC Despliegue'!J4,"PASS")+COUNTIF('TC Despliegue'!J4,"FAIL") -> 12
A15: Pendientes de contenido | B15: Idioma, fotografía, captura PintaEbook, playlist y eventual correo público.
A16: Sitio publicado
A17: Repositorio | B17: https://github.com/aubarcito48/cv-proyecto

Sheet Product Backlog
A1: Product Backlog — CV y Portfolio
A2: Historias HU01–HU11. Una condición principal por historia; los casos detallados están en las hojas TC.
A3: Épica | B3: ID historia | C3: Rol | D3: Característica / Funcionalidad | E3: Razón / Resultado | F3: Criterio de aceptación | G3: Escenario | H3: Dado que | I3: Cuando | J3: Entonces | K3: Prioridad | L3: Etapa | M3: Requisitos | N3: Estado
A4: Perfil | B4: HU01 | C4: Como reclutador | D4: Quiero conocer el perfil y especialidad | E4: Para evaluar afinidad con una búsqueda | F4: Presentación y foto correctas | G4: 1 | H4: El sitio está disponible | I4: Conocer el perfil y especialidad | J4: Presentación y foto correctas | K4: Alta | L4: S1 | M4: RF01, RF06 | N4: Terminado
A5: Navegación | B5: HU02 | C5: Como visitante | D5: Quiero navegar desde cualquier dispositivo | E5: Para consultar contenido con facilidad | F5: Enlaces y menú móvil utilizables | G5: 1 | H5: El sitio está disponible | I5: Navegar desde cualquier dispositivo | J5: Enlaces y menú móvil utilizables | K5: Alta | L5: S1 | M5: RF02, RF03 | N5: Terminado
A6: Apariencia | B6: HU03 | C6: Como visitante | D6: Quiero elegir tema claro u oscuro | E6: Para leer con comodidad | F6: Tema funciona y persiste cuando es posible | G6: 1 | H6: El sitio está disponible | I6: Elegir tema claro u oscuro | J6: Tema funciona y persiste cuando es posible | K6: Media | L6: S1 | M6: RF04 | N6: Terminado
A7: Trayectoria | B7: HU04 | C7: Como reclutador | D7: Quiero consultar experiencia y formación | E7: Para conocer la trayectoria | F7: Fechas, estudios en curso y título intermedio correctos | G7: 1 | H7: El sitio está disponible | I7: Consultar experiencia y formación | J7: Fechas, estudios en curso y título intermedio correctos | K7: Alta | L7: S1 | M7: RF07, RF08 | N7: Terminado
A8: Proyectos | B8: HU05 | C8: Como equipo técnico | D8: Quiero acceder a proyectos y repositorios | E8: Para revisar ejemplos de trabajo | F8: PintaEbook muestra imagen, descripción, demo y repositorios | G8: 1 | H8: El sitio está disponible | I8: Acceder a proyectos y repositorios | J8: PintaEbook muestra imagen, descripción, demo y repositorios | K8: Alta | L8: S1 | M8: RF09 | N8: Terminado
A9: Contacto | B9: HU06 | C9: Como visitante | D9: Quiero acceder a perfiles profesionales | E9: Para establecer contacto | F9: GitHub y LinkedIn apuntan a los perfiles suministrados | G9: 1 | H9: El sitio está disponible | I9: Acceder a perfiles profesionales | J9: GitHub y LinkedIn apuntan a los perfiles suministrados | K9: Alta | L9: S1 | M9: RF10 | N9: Terminado
A10: Presentación | B10: HU07 | C10: Como visitante | D10: Quiero recorrer un carrusel | E10: Para conocer áreas destacadas | F10: Tres diapositivas con controles, indicadores y teclado | G10: 1 | H10: El sitio está disponible | I10: Recorrer un carrusel | J10: Tres diapositivas con controles, indicadores y teclado | K10: Media | L10: S1 | M10: RF05 | N10: Terminado
A11: Música | B11: HU08 | C11: Como visitante | D11: Quiero reproducir música opcionalmente | E11: Para escuchar mientras exploro | F11: Playlist confirmada; reproductor adaptable sin autoplay | G11: 1 | H11: El sitio está disponible | I11: Reproducir música opcionalmente | J11: Playlist confirmada; reproductor adaptable sin autoplay | K11: Baja | L11: S1 condicionado | M11: RF11 | N11: Terminado
A12: Navegación | B12: HU09 | C12: Como visitante | D12: Quiero volver rápidamente al inicio | E12: Para continuar la navegación | F12: Botón aparece al bajar y respeta movimiento reducido | G12: 1 | H12: El sitio está disponible | I12: Volver rápidamente al inicio | J12: Botón aparece al bajar y respeta movimiento reducido | K12: Baja | L12: S1 | M12: RF12 | N12: Terminado
A13: Administración | B13: HU10 | C13: Como titular | D13: Quiero administrar contenido sin editar código | E13: Para actualizar información | F13: Definir fuente de datos, permisos y operaciones antes de estimar | G13: 1 | H13: Se refina la próxima etapa | I13: Administrar contenido sin editar código | J13: Definir fuente de datos, permisos y operaciones antes de estimar | K13: Por definir | L13: Futuro | M13: RF14 | N13: Terminado
A14: Contacto | B14: HU11 | C14: Como potencial cliente | D14: Quiero enviar una consulta desde el sitio | E14: Para iniciar una conversación | F14: Definir servicio de envío y validaciones antes de estimar | G14: 1 | H14: Se refina la próxima etapa | I14: Enviar una consulta desde el sitio | J14: Definir servicio de envío y validaciones antes de estimar | K14: Por definir | L14: Futuro | M14: RF15 | N14: Terminado

Sheet Sprint 1
A1: Sprint Backlog — Primera versión estática
A2: Plan inicial sujeto a revisión. Inicio y duración se expresan en días relativos propuestos. RF11 depende de la playlist.
A3: Historia | B3: ID tarea | C3: Tarea | D3: Criterios de aceptación | E3: Requisitos | F3: Prioridad | G3: Estado | H3: Tamaño | I3: Responsable | J3: Dependencias | K3: Inicio relativo | L3: Duración propuesta | M3: Caso de prueba | N3: Evidencia / Notas
A4: Transversal | B4: TK01 | C4: Configurar Angular y build | D4: Validar configuración técnica y documentar ejecución | E4: RNF06, RNF09 | F4: Alta | G4: Terminado | H4: M | I4: Nahuel Argandoña | K4: 1 | L4: 2 | M4: CP12
A5: HU01 | B5: TK02 | C5: Crear inicio y biografía | D5: Mostrar datos suministrados, foto sin deformación y tecnologías agrupadas | E5: RF01, RF06 | F5: Alta | G5: Terminado | H5: M | I5: Nahuel Argandoña | J5: TK01 | K5: 3 | L5: 2 | M5: CP01
A6: HU02 | B6: TK03 | C6: Implementar navegación y menú móvil | D6: Enlaces visibles, anclas sin obstrucción y menú operable por teclado | E6: RF02, RF03 | F6: Alta | G6: Terminado | H6: M | I6: Nahuel Argandoña | J6: TK01 | K6: 3 | L6: 2 | M6: CP02, CP03
A7: HU03 | B7: TK04 | C7: Implementar temas | D7: Tema inicial coherente y persistencia cuando el almacenamiento esté disponible | E7: RF04 | F7: Media | G7: Terminado | H7: M | I7: Nahuel Argandoña | J7: TK01 | K7: 5 | L7: 1 | M7: CP04
A8: HU04 | B8: TK05 | C8: Cargar experiencia y formación | D8: Datos validados; diferenciar título intermedio y tecnicatura en curso | E8: RF07, RF08 | F8: Alta | G8: Terminado | H8: S | I8: Nahuel Argandoña | J8: TK02 | K8: 5 | L8: 1 | M8: CP06
A9: HU05 | B9: TK06 | C9: Presentar PintaEbook | D9: Imagen, tecnologías y tres enlaces correctos; estructura reutilizable | E9: RF09 | F9: Alta | G9: Terminado | H9: M | I9: Nahuel Argandoña | J9: TK02 | K9: 6 | L9: 1 | M9: CP07
A10: HU06 | B10: TK07 | C10: Crear contacto y pie de página | D10: Perfiles correctos y año vigente; correo solo si se confirma | E10: RF10, RF13 | F10: Alta | G10: Terminado | H10: S | I10: Nahuel Argandoña | J10: TK02 | K10: 6 | L10: 1 | M10: CP07, CP12
A11: HU07 | B11: TK08 | C11: Implementar carrusel | D11: Tres diapositivas; controles, indicadores y teclado; sin autoplay forzado | E11: RF05 | F11: Media | G11: Terminado | H11: M | I11: Nahuel Argandoña | J11: TK02 | K11: 7 | L11: 1 | M11: CP05
A12: HU08 | B12: TK09 | C12: Configurar Spotify | D12: Confirmar playlist antes de publicar; sin autoplay ni OAuth | E12: RF11 | F12: Baja | G12: Terminado | H12: S | I12: Nahuel Argandoña | J12: TK01 | K12: 7 | L12: 1 | M12: CP08 | N12: Pendiente de confirmar playlist
A13: HU09 | B13: TK10 | C13: Crear botón volver al inicio | D13: Visible al desplazarse y utilizable con movimiento reducido | E13: RF12 | F13: Baja | G13: Terminado | H13: S | I13: Nahuel Argandoña | J13: TK03 | K13: 8 | L13: 1 | M13: CP09
A14: Transversal | B14: TK11 | C14: Revisar responsive y accesibilidad | D14: Probar 360/768/1440 px, teclado, foco y contraste en ambos temas | E14: RNF01, RNF02, RNF03, RNF04, RNF08 | F14: Alta | G14: Terminado | H14: M | I14: Nahuel Argandoña | J14: TK02–TK10 | K14: 9 | L14: 2 | M14: CP10, CP11
A15: Transversal | B15: TK12 | C15: Optimizar recursos y metadatos | D15: Revisar imágenes, estabilidad visual, Lighthouse y metadatos | E15: RNF05, RNF07 | F15: Alta | G15: Terminado | H15: M | I15: Nahuel Argandoña | J15: TK11 | K15: 11 | L15: 1 | M15: CP12
A16: Transversal | B16: TK13 | C16: Ejecutar pruebas y corregir defectos | D16: Registrar resultados reales y evidencias; repetir casos afectados | E16: RNF10 | F16: Alta | G16: Terminado | H16: M | I16: Nahuel Argandoña | J16: TK11, TK12 | K16: 12 | L16: 2 | M16: CP01–CP12
A17: Transversal | B17: TK14 | C17: Publicar en Vercel y revisar | D17: Build exitoso y URL pública verificada; documentar configuración real | E17: RNF09 | F17: Alta | G17: Terminado | H17: M | I17: Nahuel Argandoña | J17: TK13 | K17: 14 | L17: 1 | M17: CP12

Sheet INVEST
A1: Revisión INVEST — Historias de usuario
A2: Revisión inicial pendiente. Seleccionar Sí o No por criterio; no se asume cumplimiento sin revisión.
A3: Historia | B3: Independiente | C3: Negociable | D3: Valiosa | E3: Estimable | F3: Pequeña | G3: Testeable | H3: Resultado | I3: Observaciones
A4: HU01 | B4: Sí | C4: Sí | D4: Sí | E4: Sí | F4: Sí | G4: Sí | H4: =IF(COUNTIF(B4:G4,"No")>0,"Refinar",IF(COUNTIF(B4:G4,"Sí")=6,"Cumple","Pendiente de revisión")) -> Cumple | I4: Revisar criterios y dependencias antes de seleccionar
A5: HU02 | B5: Sí | C5: Sí | D5: Sí | E5: Sí | F5: Sí | G5: Sí | H5: =IF(COUNTIF(B5:G5,"No")>0,"Refinar",IF(COUNTIF(B5:G5,"Sí")=6,"Cumple","Pendiente de revisión")) -> Cumple | I5: Revisar criterios y dependencias antes de seleccionar
A6: HU03 | B6: Sí | C6: Sí | D6: Sí | E6: Sí | F6: Sí | G6: Sí | H6: =IF(COUNTIF(B6:G6,"No")>0,"Refinar",IF(COUNTIF(B6:G6,"Sí")=6,"Cumple","Pendiente de revisión")) -> Cumple | I6: Revisar criterios y dependencias antes de seleccionar
A7: HU04 | B7: Sí | C7: Sí | D7: Sí | E7: Sí | F7: Sí | G7: Sí | H7: =IF(COUNTIF(B7:G7,"No")>0,"Refinar",IF(COUNTIF(B7:G7,"Sí")=6,"Cumple","Pendiente de revisión")) -> Cumple | I7: Revisar criterios y dependencias antes de seleccionar
A8: HU05 | B8: Sí | C8: Sí | D8: Sí | E8: Sí | F8: Sí | G8: Sí | H8: =IF(COUNTIF(B8:G8,"No")>0,"Refinar",IF(COUNTIF(B8:G8,"Sí")=6,"Cumple","Pendiente de revisión")) -> Cumple | I8: Revisar criterios y dependencias antes de seleccionar
A9: HU06 | B9: Sí | C9: Sí | D9: Sí | E9: Sí | F9: Sí | G9: Sí | H9: =IF(COUNTIF(B9:G9,"No")>0,"Refinar",IF(COUNTIF(B9:G9,"Sí")=6,"Cumple","Pendiente de revisión")) -> Cumple | I9: Revisar criterios y dependencias antes de seleccionar
A10: HU07 | B10: Sí | C10: Sí | D10: Sí | E10: Sí | F10: Sí | G10: Sí | H10: =IF(COUNTIF(B10:G10,"No")>0,"Refinar",IF(COUNTIF(B10:G10,"Sí")=6,"Cumple","Pendiente de revisión")) -> Cumple | I10: Revisar criterios y dependencias antes de seleccionar
A11: HU08 | B11: Sí | C11: Sí | D11: Sí | E11: Sí | F11: Sí | G11: Sí | H11: =IF(COUNTIF(B11:G11,"No")>0,"Refinar",IF(COUNTIF(B11:G11,"Sí")=6,"Cumple","Pendiente de revisión")) -> Cumple | I11: Confirmar playlist antes de comprometer
A12: HU09 | B12: Sí | C12: Sí | D12: Sí | E12: Sí | F12: Sí | G12: Sí | H12: =IF(COUNTIF(B12:G12,"No")>0,"Refinar",IF(COUNTIF(B12:G12,"Sí")=6,"Cumple","Pendiente de revisión")) -> Cumple | I12: Revisar criterios y dependencias antes de seleccionar
A13: HU10 | B13: Sí | C13: Sí | D13: Sí | E13: Sí | F13: Sí | G13: Sí | H13: =IF(COUNTIF(B13:G13,"No")>0,"Refinar",IF(COUNTIF(B13:G13,"Sí")=6,"Cumple","Pendiente de revisión")) -> Cumple | I13: Refinar alcance antes de estimar
A14: HU11 | B14: Sí | C14: Sí | D14: Sí | E14: Sí | F14: Sí | G14: Sí | H14: =IF(COUNTIF(B14:G14,"No")>0,"Refinar",IF(COUNTIF(B14:G14,"Sí")=6,"Cumple","Pendiente de revisión")) -> Cumple | I14: Refinar alcance antes de estimar

Sheet Trazabilidad
A1: Matriz de trazabilidad — Requisitos a evidencias
A2: Los estados y evidencias se vinculan al Sprint Backlog. Las pruebas se consultan por su ID en las hojas TC.
A3: Requisito | B3: Historia | C3: Tarea | D3: Caso de prueba | E3: Estado tarea | F3: Evidencia / Observación
A4: RNF06 | B4: Transversal | C4: TK01 | D4: CP12 | E4: Completado | F4: =IF('Sprint 1'!N4="","",'Sprint 1'!N4)
A5: RNF09 | B5: Transversal | C5: TK01 | D5: CP12 | E5: Completado | F5: =IF('Sprint 1'!N4="","",'Sprint 1'!N4)
A6: RF01 | B6: HU01 | C6: TK02 | D6: CP01 | E6: Completado | F6: =IF('Sprint 1'!N5="","",'Sprint 1'!N5)
A7: RF06 | B7: HU01 | C7: TK02 | D7: CP01 | E7: Completado | F7: =IF('Sprint 1'!N5="","",'Sprint 1'!N5)
A8: RF02 | B8: HU02 | C8: TK03 | D8: CP02, CP03 | E8: Completado | F8: =IF('Sprint 1'!N6="","",'Sprint 1'!N6)
A9: RF03 | B9: HU02 | C9: TK03 | D9: CP02, CP03 | E9: Completado | F9: =IF('Sprint 1'!N6="","",'Sprint 1'!N6)
A10: RF04 | B10: HU03 | C10: TK04 | D10: CP04 | E10: Completado | F10: =IF('Sprint 1'!N7="","",'Sprint 1'!N7)
A11: RF07 | B11: HU04 | C11: TK05 | D11: CP06 | E11: ='Sprint 1'!G8 -> Terminado | F11: =IF('Sprint 1'!N8="","",'Sprint 1'!N8)
A12: RF08 | B12: HU04 | C12: TK05 | D12: CP06 | E12: Completado | F12: =IF('Sprint 1'!N8="","",'Sprint 1'!N8)
A13: RF09 | B13: HU05 | C13: TK06 | D13: CP07 | E13: Completado | F13: =IF('Sprint 1'!N9="","",'Sprint 1'!N9)
A14: RF10 | B14: HU06 | C14: TK07 | D14: CP07, CP12 | E14: Completado | F14: =IF('Sprint 1'!N10="","",'Sprint 1'!N10)
A15: RF13 | B15: HU06 | C15: TK07 | D15: CP07, CP12 | E15: Completado | F15: =IF('Sprint 1'!N10="","",'Sprint 1'!N10)
A16: RF05 | B16: HU07 | C16: TK08 | D16: CP05 | E16: Completado | F16: =IF('Sprint 1'!N11="","",'Sprint 1'!N11)
A17: RF11 | B17: HU08 | C17: TK09 | D17: CP08 | E17: Completado
A18: RF12 | B18: HU09 | C18: TK10 | D18: CP09 | E18: Completado | F18: =IF('Sprint 1'!N13="","",'Sprint 1'!N13)
A19: RNF01 | B19: Transversal | C19: TK11 | D19: CP10, CP11 | E19: Completado | F19: =IF('Sprint 1'!N14="","",'Sprint 1'!N14)
A20: RNF02 | B20: Transversal | C20: TK11 | D20: CP10, CP11 | E20: Completado | F20: =IF('Sprint 1'!N14="","",'Sprint 1'!N14)
A21: RNF03 | B21: Transversal | C21: TK11 | D21: CP10, CP11 | E21: Completado | F21: =IF('Sprint 1'!N14="","",'Sprint 1'!N14)
A22: RNF04 | B22: Transversal | C22: TK11 | D22: CP10, CP11 | E22: Completado | F22: =IF('Sprint 1'!N14="","",'Sprint 1'!N14)
A23: RNF08 | B23: Transversal | C23: TK11 | D23: CP10, CP11 | E23: Completado | F23: =IF('Sprint 1'!N14="","",'Sprint 1'!N14)
A24: RNF05 | B24: Transversal | C24: TK12 | D24: CP12 | E24: Completado | F24: =IF('Sprint 1'!N15="","",'Sprint 1'!N15)
A25: RNF07 | B25: Transversal | C25: TK12 | D25: CP12 | E25: Completado | F25: =IF('Sprint 1'!N15="","",'Sprint 1'!N15)
A26: RNF10 | B26: Transversal | C26: TK13 | D26: CP01–CP12 | E26: Completado | F26: =IF('Sprint 1'!N16="","",'Sprint 1'!N16)
A27: RNF09 | B27: Transversal | C27: TK14 | D27: CP12 | E27: Completado | F27: =IF('Sprint 1'!N17="","",'Sprint 1'!N17)
A28: RF14 | B28: HU10 | C28: Por definir | D28: Por definir | F28: Etapa posterior
A29: RF15 | B29: HU11 | C29: Por definir | D29: Por definir | F29: Etapa posterior

Sheet Gantt
A1: Diagrama de Gantt — Sprint 1
A2: Secuencia propuesta de 14 días relativos. No representa fechas acordadas; modificar inicio/duración en Sprint 1.
A3: ID | B3: Tarea | C3: Estado | D3: Inicio relativo | E3: Duración | F3: Fin relativo | G3: Día 1 | H3: Día 2 | I3: Día 3 | J3: Día 4 | K3: Día 5 | L3: Día 6 | M3: Día 7 | N3: Día 8 | O3: Día 9 | P3: Día 10 | Q3: Día 11 | R3: Día 12 | S3: Día 13 | T3: Día 14
A4: TK01 | B4: Configurar Angular y build | C4: Completado | D4: =IF('Sprint 1'!K4="","",'Sprint 1'!K4) -> 1 | E4: =IF('Sprint 1'!L4="","",'Sprint 1'!L4) -> 2 | F4: =IF(OR(D4="",E4=""),"",D4+E4-1) -> 2 | G4: =IF(OR($D4="",$E4=""),"",IF(AND(1>=$D4,1<=$F4),1,"")) -> 1 | H4: =IF(OR($D4="",$E4=""),"",IF(AND(2>=$D4,2<=$F4),1,"")) -> 1 | I4: =IF(OR($D4="",$E4=""),"",IF(AND(3>=$D4,3<=$F4),1,"")) | J4: =IF(OR($D4="",$E4=""),"",IF(AND(4>=$D4,4<=$F4),1,"")) | K4: =IF(OR($D4="",$E4=""),"",IF(AND(5>=$D4,5<=$F4),1,"")) | L4: =IF(OR($D4="",$E4=""),"",IF(AND(6>=$D4,6<=$F4),1,"")) | M4: =IF(OR($D4="",$E4=""),"",IF(AND(7>=$D4,7<=$F4),1,"")) | N4: =IF(OR($D4="",$E4=""),"",IF(AND(8>=$D4,8<=$F4),1,"")) | O4: =IF(OR($D4="",$E4=""),"",IF(AND(9>=$D4,9<=$F4),1,"")) | P4: =IF(OR($D4="",$E4=""),"",IF(AND(10>=$D4,10<=$F4),1,"")) | Q4: =IF(OR($D4="",$E4=""),"",IF(AND(11>=$D4,11<=$F4),1,"")) | R4: =IF(OR($D4="",$E4=""),"",IF(AND(12>=$D4,12<=$F4),1,"")) | S4: =IF(OR($D4="",$E4=""),"",IF(AND(13>=$D4,13<=$F4),1,"")) | T4: =IF(OR($D4="",$E4=""),"",IF(AND(14>=$D4,14<=$F4),1,""))
A5: TK02 | B5: Crear inicio y biografía | C5: Completado | D5: =IF('Sprint 1'!K5="","",'Sprint 1'!K5) -> 3 | E5: =IF('Sprint 1'!L5="","",'Sprint 1'!L5) -> 2 | F5: =IF(OR(D5="",E5=""),"",D5+E5-1) -> 4 | G5: =IF(OR($D5="",$E5=""),"",IF(AND(1>=$D5,1<=$F5),1,"")) | H5: =IF(OR($D5="",$E5=""),"",IF(AND(2>=$D5,2<=$F5),1,"")) | I5: =IF(OR($D5="",$E5=""),"",IF(AND(3>=$D5,3<=$F5),1,"")) -> 1 | J5: =IF(OR($D5="",$E5=""),"",IF(AND(4>=$D5,4<=$F5),1,"")) -> 1 | K5: =IF(OR($D5="",$E5=""),"",IF(AND(5>=$D5,5<=$F5),1,"")) | L5: =IF(OR($D5="",$E5=""),"",IF(AND(6>=$D5,6<=$F5),1,"")) | M5: =IF(OR($D5="",$E5=""),"",IF(AND(7>=$D5,7<=$F5),1,"")) | N5: =IF(OR($D5="",$E5=""),"",IF(AND(8>=$D5,8<=$F5),1,"")) | O5: =IF(OR($D5="",$E5=""),"",IF(AND(9>=$D5,9<=$F5),1,"")) | P5: =IF(OR($D5="",$E5=""),"",IF(AND(10>=$D5,10<=$F5),1,"")) | Q5: =IF(OR($D5="",$E5=""),"",IF(AND(11>=$D5,11<=$F5),1,"")) | R5: =IF(OR($D5="",$E5=""),"",IF(AND(12>=$D5,12<=$F5),1,"")) | S5: =IF(OR($D5="",$E5=""),"",IF(AND(13>=$D5,13<=$F5),1,"")) | T5: =IF(OR($D5="",$E5=""),"",IF(AND(14>=$D5,14<=$F5),1,""))
A6: TK03 | B6: Implementar navegación y menú móvil | C6: Completado | D6: =IF('Sprint 1'!K6="","",'Sprint 1'!K6) -> 3 | E6: =IF('Sprint 1'!L6="","",'Sprint 1'!L6) -> 2 | F6: =IF(OR(D6="",E6=""),"",D6+E6-1) -> 4 | G6: =IF(OR($D6="",$E6=""),"",IF(AND(1>=$D6,1<=$F6),1,"")) | H6: =IF(OR($D6="",$E6=""),"",IF(AND(2>=$D6,2<=$F6),1,"")) | I6: =IF(OR($D6="",$E6=""),"",IF(AND(3>=$D6,3<=$F6),1,"")) -> 1 | J6: =IF(OR($D6="",$E6=""),"",IF(AND(4>=$D6,4<=$F6),1,"")) -> 1 | K6: =IF(OR($D6="",$E6=""),"",IF(AND(5>=$D6,5<=$F6),1,"")) | L6: =IF(OR($D6="",$E6=""),"",IF(AND(6>=$D6,6<=$F6),1,"")) | M6: =IF(OR($D6="",$E6=""),"",IF(AND(7>=$D6,7<=$F6),1,"")) | N6: =IF(OR($D6="",$E6=""),"",IF(AND(8>=$D6,8<=$F6),1,"")) | O6: =IF(OR($D6="",$E6=""),"",IF(AND(9>=$D6,9<=$F6),1,"")) | P6: =IF(OR($D6="",$E6=""),"",IF(AND(10>=$D6,10<=$F6),1,"")) | Q6: =IF(OR($D6="",$E6=""),"",IF(AND(11>=$D6,11<=$F6),1,"")) | R6: =IF(OR($D6="",$E6=""),"",IF(AND(12>=$D6,12<=$F6),1,"")) | S6: =IF(OR($D6="",$E6=""),"",IF(AND(13>=$D6,13<=$F6),1,"")) | T6: =IF(OR($D6="",$E6=""),"",IF(AND(14>=$D6,14<=$F6),1,""))
A7: TK04 | B7: Implementar temas | C7: Completado | D7: =IF('Sprint 1'!K7="","",'Sprint 1'!K7) -> 5 | E7: =IF('Sprint 1'!L7="","",'Sprint 1'!L7) -> 1 | F7: =IF(OR(D7="",E7=""),"",D7+E7-1) -> 5 | G7: =IF(OR($D7="",$E7=""),"",IF(AND(1>=$D7,1<=$F7),1,"")) | H7: =IF(OR($D7="",$E7=""),"",IF(AND(2>=$D7,2<=$F7),1,"")) | I7: =IF(OR($D7="",$E7=""),"",IF(AND(3>=$D7,3<=$F7),1,"")) | J7: =IF(OR($D7="",$E7=""),"",IF(AND(4>=$D7,4<=$F7),1,"")) | K7: =IF(OR($D7="",$E7=""),"",IF(AND(5>=$D7,5<=$F7),1,"")) -> 1 | L7: =IF(OR($D7="",$E7=""),"",IF(AND(6>=$D7,6<=$F7),1,"")) | M7: =IF(OR($D7="",$E7=""),"",IF(AND(7>=$D7,7<=$F7),1,"")) | N7: =IF(OR($D7="",$E7=""),"",IF(AND(8>=$D7,8<=$F7),1,"")) | O7: =IF(OR($D7="",$E7=""),"",IF(AND(9>=$D7,9<=$F7),1,"")) | P7: =IF(OR($D7="",$E7=""),"",IF(AND(10>=$D7,10<=$F7),1,"")) | Q7: =IF(OR($D7="",$E7=""),"",IF(AND(11>=$D7,11<=$F7),1,"")) | R7: =IF(OR($D7="",$E7=""),"",IF(AND(12>=$D7,12<=$F7),1,"")) | S7: =IF(OR($D7="",$E7=""),"",IF(AND(13>=$D7,13<=$F7),1,"")) | T7: =IF(OR($D7="",$E7=""),"",IF(AND(14>=$D7,14<=$F7),1,""))
A8: TK05 | B8: Cargar experiencia y formación | C8: Completado | D8: =IF('Sprint 1'!K8="","",'Sprint 1'!K8) -> 5 | E8: =IF('Sprint 1'!L8="","",'Sprint 1'!L8) -> 1 | F8: =IF(OR(D8="",E8=""),"",D8+E8-1) -> 5 | G8: =IF(OR($D8="",$E8=""),"",IF(AND(1>=$D8,1<=$F8),1,"")) | H8: =IF(OR($D8="",$E8=""),"",IF(AND(2>=$D8,2<=$F8),1,"")) | I8: =IF(OR($D8="",$E8=""),"",IF(AND(3>=$D8,3<=$F8),1,"")) | J8: =IF(OR($D8="",$E8=""),"",IF(AND(4>=$D8,4<=$F8),1,"")) | K8: =IF(OR($D8="",$E8=""),"",IF(AND(5>=$D8,5<=$F8),1,"")) -> 1 | L8: =IF(OR($D8="",$E8=""),"",IF(AND(6>=$D8,6<=$F8),1,"")) | M8: =IF(OR($D8="",$E8=""),"",IF(AND(7>=$D8,7<=$F8),1,"")) | N8: =IF(OR($D8="",$E8=""),"",IF(AND(8>=$D8,8<=$F8),1,"")) | O8: =IF(OR($D8="",$E8=""),"",IF(AND(9>=$D8,9<=$F8),1,"")) | P8: =IF(OR($D8="",$E8=""),"",IF(AND(10>=$D8,10<=$F8),1,"")) | Q8: =IF(OR($D8="",$E8=""),"",IF(AND(11>=$D8,11<=$F8),1,"")) | R8: =IF(OR($D8="",$E8=""),"",IF(AND(12>=$D8,12<=$F8),1,"")) | S8: =IF(OR($D8="",$E8=""),"",IF(AND(13>=$D8,13<=$F8),1,"")) | T8: =IF(OR($D8="",$E8=""),"",IF(AND(14>=$D8,14<=$F8),1,""))
A9: TK06 | B9: Presentar PintaEbook | C9: Completado | D9: =IF('Sprint 1'!K9="","",'Sprint 1'!K9) -> 6 | E9: =IF('Sprint 1'!L9="","",'Sprint 1'!L9) -> 1 | F9: =IF(OR(D9="",E9=""),"",D9+E9-1) -> 6 | G9: =IF(OR($D9="",$E9=""),"",IF(AND(1>=$D9,1<=$F9),1,"")) | H9: =IF(OR($D9="",$E9=""),"",IF(AND(2>=$D9,2<=$F9),1,"")) | I9: =IF(OR($D9="",$E9=""),"",IF(AND(3>=$D9,3<=$F9),1,"")) | J9: =IF(OR($D9="",$E9=""),"",IF(AND(4>=$D9,4<=$F9),1,"")) | K9: =IF(OR($D9="",$E9=""),"",IF(AND(5>=$D9,5<=$F9),1,"")) | L9: =IF(OR($D9="",$E9=""),"",IF(AND(6>=$D9,6<=$F9),1,"")) -> 1 | M9: =IF(OR($D9="",$E9=""),"",IF(AND(7>=$D9,7<=$F9),1,"")) | N9: =IF(OR($D9="",$E9=""),"",IF(AND(8>=$D9,8<=$F9),1,"")) | O9: =IF(OR($D9="",$E9=""),"",IF(AND(9>=$D9,9<=$F9),1,"")) | P9: =IF(OR($D9="",$E9=""),"",IF(AND(10>=$D9,10<=$F9),1,"")) | Q9: =IF(OR($D9="",$E9=""),"",IF(AND(11>=$D9,11<=$F9),1,"")) | R9: =IF(OR($D9="",$E9=""),"",IF(AND(12>=$D9,12<=$F9),1,"")) | S9: =IF(OR($D9="",$E9=""),"",IF(AND(13>=$D9,13<=$F9),1,"")) | T9: =IF(OR($D9="",$E9=""),"",IF(AND(14>=$D9,14<=$F9),1,""))
A10: TK07 | B10: Crear contacto y pie de página | C10: Completado | D10: =IF('Sprint 1'!K10="","",'Sprint 1'!K10) -> 6 | E10: =IF('Sprint 1'!L10="","",'Sprint 1'!L10) -> 1 | F10: =IF(OR(D10="",E10=""),"",D10+E10-1) -> 6 | G10: =IF(OR($D10="",$E10=""),"",IF(AND(1>=$D10,1<=$F10),1,"")) | H10: =IF(OR($D10="",$E10=""),"",IF(AND(2>=$D10,2<=$F10),1,"")) | I10: =IF(OR($D10="",$E10=""),"",IF(AND(3>=$D10,3<=$F10),1,"")) | J10: =IF(OR($D10="",$E10=""),"",IF(AND(4>=$D10,4<=$F10),1,"")) | K10: =IF(OR($D10="",$E10=""),"",IF(AND(5>=$D10,5<=$F10),1,"")) | L10: =IF(OR($D10="",$E10=""),"",IF(AND(6>=$D10,6<=$F10),1,"")) -> 1 | M10: =IF(OR($D10="",$E10=""),"",IF(AND(7>=$D10,7<=$F10),1,"")) | N10: =IF(OR($D10="",$E10=""),"",IF(AND(8>=$D10,8<=$F10),1,"")) | O10: =IF(OR($D10="",$E10=""),"",IF(AND(9>=$D10,9<=$F10),1,"")) | P10: =IF(OR($D10="",$E10=""),"",IF(AND(10>=$D10,10<=$F10),1,"")) | Q10: =IF(OR($D10="",$E10=""),"",IF(AND(11>=$D10,11<=$F10),1,"")) | R10: =IF(OR($D10="",$E10=""),"",IF(AND(12>=$D10,12<=$F10),1,"")) | S10: =IF(OR($D10="",$E10=""),"",IF(AND(13>=$D10,13<=$F10),1,"")) | T10: =IF(OR($D10="",$E10=""),"",IF(AND(14>=$D10,14<=$F10),1,""))
A11: TK08 | B11: Implementar carrusel | C11: Completado | D11: =IF('Sprint 1'!K11="","",'Sprint 1'!K11) -> 7 | E11: =IF('Sprint 1'!L11="","",'Sprint 1'!L11) -> 1 | F11: =IF(OR(D11="",E11=""),"",D11+E11-1) -> 7 | G11: =IF(OR($D11="",$E11=""),"",IF(AND(1>=$D11,1<=$F11),1,"")) | H11: =IF(OR($D11="",$E11=""),"",IF(AND(2>=$D11,2<=$F11),1,"")) | I11: =IF(OR($D11="",$E11=""),"",IF(AND(3>=$D11,3<=$F11),1,"")) | J11: =IF(OR($D11="",$E11=""),"",IF(AND(4>=$D11,4<=$F11),1,"")) | K11: =IF(OR($D11="",$E11=""),"",IF(AND(5>=$D11,5<=$F11),1,"")) | L11: =IF(OR($D11="",$E11=""),"",IF(AND(6>=$D11,6<=$F11),1,"")) | M11: =IF(OR($D11="",$E11=""),"",IF(AND(7>=$D11,7<=$F11),1,"")) -> 1 | N11: =IF(OR($D11="",$E11=""),"",IF(AND(8>=$D11,8<=$F11),1,"")) | O11: =IF(OR($D11="",$E11=""),"",IF(AND(9>=$D11,9<=$F11),1,"")) | P11: =IF(OR($D11="",$E11=""),"",IF(AND(10>=$D11,10<=$F11),1,"")) | Q11: =IF(OR($D11="",$E11=""),"",IF(AND(11>=$D11,11<=$F11),1,"")) | R11: =IF(OR($D11="",$E11=""),"",IF(AND(12>=$D11,12<=$F11),1,"")) | S11: =IF(OR($D11="",$E11=""),"",IF(AND(13>=$D11,13<=$F11),1,"")) | T11: =IF(OR($D11="",$E11=""),"",IF(AND(14>=$D11,14<=$F11),1,""))
A12: TK09 | B12: Configurar Spotify | C12: Completado | D12: =IF('Sprint 1'!K12="","",'Sprint 1'!K12) -> 7 | E12: =IF('Sprint 1'!L12="","",'Sprint 1'!L12) -> 1 | F12: =IF(OR(D12="",E12=""),"",D12+E12-1) -> 7 | G12: =IF(OR($D12="",$E12=""),"",IF(AND(1>=$D12,1<=$F12),1,"")) | H12: =IF(OR($D12="",$E12=""),"",IF(AND(2>=$D12,2<=$F12),1,"")) | I12: =IF(OR($D12="",$E12=""),"",IF(AND(3>=$D12,3<=$F12),1,"")) | J12: =IF(OR($D12="",$E12=""),"",IF(AND(4>=$D12,4<=$F12),1,"")) | K12: =IF(OR($D12="",$E12=""),"",IF(AND(5>=$D12,5<=$F12),1,"")) | L12: =IF(OR($D12="",$E12=""),"",IF(AND(6>=$D12,6<=$F12),1,"")) | M12: =IF(OR($D12="",$E12=""),"",IF(AND(7>=$D12,7<=$F12),1,"")) -> 1 | N12: =IF(OR($D12="",$E12=""),"",IF(AND(8>=$D12,8<=$F12),1,"")) | O12: =IF(OR($D12="",$E12=""),"",IF(AND(9>=$D12,9<=$F12),1,"")) | P12: =IF(OR($D12="",$E12=""),"",IF(AND(10>=$D12,10<=$F12),1,"")) | Q12: =IF(OR($D12="",$E12=""),"",IF(AND(11>=$D12,11<=$F12),1,"")) | R12: =IF(OR($D12="",$E12=""),"",IF(AND(12>=$D12,12<=$F12),1,"")) | S12: =IF(OR($D12="",$E12=""),"",IF(AND(13>=$D12,13<=$F12),1,"")) | T12: =IF(OR($D12="",$E12=""),"",IF(AND(14>=$D12,14<=$F12),1,""))
A13: TK10 | B13: Crear botón volver al inicio | C13: Completado | D13: =IF('Sprint 1'!K13="","",'Sprint 1'!K13) -> 8 | E13: =IF('Sprint 1'!L13="","",'Sprint 1'!L13) -> 1 | F13: =IF(OR(D13="",E13=""),"",D13+E13-1) -> 8 | G13: =IF(OR($D13="",$E13=""),"",IF(AND(1>=$D13,1<=$F13),1,"")) | H13: =IF(OR($D13="",$E13=""),"",IF(AND(2>=$D13,2<=$F13),1,"")) | I13: =IF(OR($D13="",$E13=""),"",IF(AND(3>=$D13,3<=$F13),1,"")) | J13: =IF(OR($D13="",$E13=""),"",IF(AND(4>=$D13,4<=$F13),1,"")) | K13: =IF(OR($D13="",$E13=""),"",IF(AND(5>=$D13,5<=$F13),1,"")) | L13: =IF(OR($D13="",$E13=""),"",IF(AND(6>=$D13,6<=$F13),1,"")) | M13: =IF(OR($D13="",$E13=""),"",IF(AND(7>=$D13,7<=$F13),1,"")) | N13: =IF(OR($D13="",$E13=""),"",IF(AND(8>=$D13,8<=$F13),1,"")) -> 1 | O13: =IF(OR($D13="",$E13=""),"",IF(AND(9>=$D13,9<=$F13),1,"")) | P13: =IF(OR($D13="",$E13=""),"",IF(AND(10>=$D13,10<=$F13),1,"")) | Q13: =IF(OR($D13="",$E13=""),"",IF(AND(11>=$D13,11<=$F13),1,"")) | R13: =IF(OR($D13="",$E13=""),"",IF(AND(12>=$D13,12<=$F13),1,"")) | S13: =IF(OR($D13="",$E13=""),"",IF(AND(13>=$D13,13<=$F13),1,"")) | T13: =IF(OR($D13="",$E13=""),"",IF(AND(14>=$D13,14<=$F13),1,""))
A14: TK11 | B14: Revisar responsive y accesibilidad | C14: Completado | D14: =IF('Sprint 1'!K14="","",'Sprint 1'!K14) -> 9 | E14: =IF('Sprint 1'!L14="","",'Sprint 1'!L14) -> 2 | F14: =IF(OR(D14="",E14=""),"",D14+E14-1) -> 10 | G14: =IF(OR($D14="",$E14=""),"",IF(AND(1>=$D14,1<=$F14),1,"")) | H14: =IF(OR($D14="",$E14=""),"",IF(AND(2>=$D14,2<=$F14),1,"")) | I14: =IF(OR($D14="",$E14=""),"",IF(AND(3>=$D14,3<=$F14),1,"")) | J14: =IF(OR($D14="",$E14=""),"",IF(AND(4>=$D14,4<=$F14),1,"")) | K14: =IF(OR($D14="",$E14=""),"",IF(AND(5>=$D14,5<=$F14),1,"")) | L14: =IF(OR($D14="",$E14=""),"",IF(AND(6>=$D14,6<=$F14),1,"")) | M14: =IF(OR($D14="",$E14=""),"",IF(AND(7>=$D14,7<=$F14),1,"")) | N14: =IF(OR($D14="",$E14=""),"",IF(AND(8>=$D14,8<=$F14),1,"")) | O14: =IF(OR($D14="",$E14=""),"",IF(AND(9>=$D14,9<=$F14),1,"")) -> 1 | P14: =IF(OR($D14="",$E14=""),"",IF(AND(10>=$D14,10<=$F14),1,"")) -> 1 | Q14: =IF(OR($D14="",$E14=""),"",IF(AND(11>=$D14,11<=$F14),1,"")) | R14: =IF(OR($D14="",$E14=""),"",IF(AND(12>=$D14,12<=$F14),1,"")) | S14: =IF(OR($D14="",$E14=""),"",IF(AND(13>=$D14,13<=$F14),1,"")) | T14: =IF(OR($D14="",$E14=""),"",IF(AND(14>=$D14,14<=$F14),1,""))
A15: TK12 | B15: Optimizar recursos y metadatos | C15: Completado | D15: =IF('Sprint 1'!K15="","",'Sprint 1'!K15) -> 11 | E15: =IF('Sprint 1'!L15="","",'Sprint 1'!L15) -> 1 | F15: =IF(OR(D15="",E15=""),"",D15+E15-1) -> 11 | G15: =IF(OR($D15="",$E15=""),"",IF(AND(1>=$D15,1<=$F15),1,"")) | H15: =IF(OR($D15="",$E15=""),"",IF(AND(2>=$D15,2<=$F15),1,"")) | I15: =IF(OR($D15="",$E15=""),"",IF(AND(3>=$D15,3<=$F15),1,"")) | J15: =IF(OR($D15="",$E15=""),"",IF(AND(4>=$D15,4<=$F15),1,"")) | K15: =IF(OR($D15="",$E15=""),"",IF(AND(5>=$D15,5<=$F15),1,"")) | L15: =IF(OR($D15="",$E15=""),"",IF(AND(6>=$D15,6<=$F15),1,"")) | M15: =IF(OR($D15="",$E15=""),"",IF(AND(7>=$D15,7<=$F15),1,"")) | N15: =IF(OR($D15="",$E15=""),"",IF(AND(8>=$D15,8<=$F15),1,"")) | O15: =IF(OR($D15="",$E15=""),"",IF(AND(9>=$D15,9<=$F15),1,"")) | P15: =IF(OR($D15="",$E15=""),"",IF(AND(10>=$D15,10<=$F15),1,"")) | Q15: =IF(OR($D15="",$E15=""),"",IF(AND(11>=$D15,11<=$F15),1,"")) -> 1 | R15: =IF(OR($D15="",$E15=""),"",IF(AND(12>=$D15,12<=$F15),1,"")) | S15: =IF(OR($D15="",$E15=""),"",IF(AND(13>=$D15,13<=$F15),1,"")) | T15: =IF(OR($D15="",$E15=""),"",IF(AND(14>=$D15,14<=$F15),1,""))
... A17: TK14 | B17: Publicar en Vercel y revisar | C17: Completado | D17: =IF('Sprint 1'!K17="","",'Sprint 1'!K17) -> 14 | E17: =IF('Sprint 1'!L17="","",'Sprint 1'!L17) -> 1 | F17: =IF(OR(D17="",E17=""),"",D17+E17-1) -> 14 | G17: =IF(OR($D17="",$E17=""),"",IF(AND(1>=$D17,1<=$F17),1,"")) | H17: =IF(OR($D17="",$E17=""),"",IF(AND(2>=$D17,2<=$F17),1,"")) | I17: =IF(OR($D17="",$E17=""),"",IF(AND(3>=$D17,3<=$F17),1,"")) | J17: =IF(OR($D17="",$E17=""),"",IF(AND(4>=$D17,4<=$F17),1,"")) | K17: =IF(OR($D17="",$E17=""),"",IF(AND(5>=$D17,5<=$F17),1,"")) | L17: =IF(OR($D17="",$E17=""),"",IF(AND(6>=$D17,6<=$F17),1,"")) | M17: =IF(OR($D17="",$E17=""),"",IF(AND(7>=$D17,7<=$F17),1,"")) | N17: =IF(OR($D17="",$E17=""),"",IF(AND(8>=$D17,8<=$F17),1,"")) | O17: =IF(OR($D17="",$E17=""),"",IF(AND(9>=$D17,9<=$F17),1,"")) | P17: =IF(OR($D17="",$E17=""),"",IF(AND(10>=$D17,10<=$F17),1,"")) | Q17: =IF(OR($D17="",$E17=""),"",IF(AND(11>=$D17,11<=$F17),1,"")) | R17: =IF(OR($D17="",$E17=""),"",IF(AND(12>=$D17,12<=$F17),1,"")) | S17: =IF(OR($D17="",$E17=""),"",IF(AND(13>=$D17,13<=$F17),1,"")) | T17: =IF(OR($D17="",$E17=""),"",IF(AND(14>=$D17,14<=$F17),1,"")) -> 1

Sheet TC Funcionales
A1: Casos de prueba — Funcionales
A2: Estado inicial NOT RUN. Completar fecha, entorno, resultado real y evidencia al ejecutar; PASS exige cumplir el resultado esperado.
A3: ID | B3: Título | C3: Requisitos | D3: Historia | E3: Tarea | F3: Precondiciones | G3: Datos de prueba | H3: Pasos | I3: Resultado esperado | J3: Estado | K3: Prioridad | L3: Etiquetas | M3: Evidencia | N3: Diseñado por | O3: Fecha ejecución | P3: Entorno / Resultado real
A4: CP01 | B4: Presentación | C4: RF01, RF06 | D4: HU01 | E4: TK02 | F4: Sitio disponible; foto suministrada | G4: Datos del perfil y configuración del sitio | H4: Abrir inicio y Sobre mí; comparar datos y observar foto | I4: Nombre, biografía y tecnologías correctos; imagen sin deformación | J4: PASS | K4: Alta | L4: Funcional | N4: Nahuel Argandoña
A5: CP02 | B5: Enlaces internos | C5: RF02 | D5: HU02 | E5: TK03 | F5: Secciones cargadas | G5: Datos del perfil y configuración del sitio | H5: Activar cada enlace de navegación en escritorio y móvil | I5: Destino correcto; título no oculto por barra fija | J5: PASS | K5: Alta | L5: Funcional | N5: Nahuel Argandoña
A6: CP03 | B6: Menú móvil | C6: RF03 | D6: HU02 | E6: TK03 | F6: Viewport móvil | G6: Datos del perfil y configuración del sitio | H6: Abrir menú; recorrer con teclado; activar enlace; cerrar | I6: Controles accesibles, foco visible y menú operable | J6: PASS | K6: Alta | L6: Funcional / Accesibilidad | N6: Nahuel Argandoña
A7: CP04 | B7: Tema y persistencia | C7: RF04 | D7: HU03 | E7: TK04 | F7: Almacenamiento habilitado y luego restringido | G7: Datos del perfil y configuración del sitio | H7: Alternar tema; recargar; repetir con almacenamiento restringido | I7: Preferencia conservada cuando es posible; sitio utilizable si no lo es | J7: PASS | K7: Media | L7: Funcional | N7: Nahuel Argandoña
A8: CP05 | B8: Carrusel | C8: RF05 | D8: HU07 | E8: TK08 | F8: Tres diapositivas disponibles | G8: Datos del perfil y configuración del sitio | H8: Usar anterior, siguiente, indicadores y teclado | I8: Contenido recorrible, indicador activo y sin avance forzado rápido | J8: PASS | K8: Media | L8: Funcional / Accesibilidad | N8: Nahuel Argandoña
A9: CP06 | B9: Trayectoria | C9: RF07, RF08 | D9: HU04 | E9: TK05 | F9: Datos originales disponibles | G9: Datos del perfil y configuración del sitio | H9: Comparar roles, organizaciones, fechas y títulos con prompt | I9: Sin datos inventados; tecnicatura en curso y título intermedio diferenciados | J9: PASS | K9: Alta | L9: Contenido | N9: Nahuel Argandoña
A10: CP07 | B10: Enlaces externos | C10: RF09, RF10 | D10: HU05, HU06 | E10: TK06, TK07 | F10: Acceso a internet | G10: Datos del perfil y configuración del sitio | H10: Abrir demo, dos repositorios, GitHub y LinkedIn | I10: Destinos previstos; enlaces descriptivos y atributos adecuados | J10: PASS | K10: Alta | L10: Funcional | N10: Nahuel Argandoña
A11: CP08 | B11: Spotify | C11: RF11 | D11: HU08 | E11: TK09 | F11: Playlist confirmada; servicio externo disponible | G11: Datos del perfil y configuración del sitio | H11: Abrir sección; comprobar ausencia de autoplay; iniciar y pausar | I11: Reproductor adaptable y reproducción voluntaria | J11: PASS | K11: Baja | L11: Integración externa | N11: Nahuel Argandoña
A12: CP09 | B12: Volver al inicio | C12: RF12 | D12: HU09 | E12: TK10 | F12: Página con desplazamiento | G12: Datos del perfil y configuración del sitio | H12: Bajar; activar botón; repetir con movimiento reducido | I12: Control visible al bajar y retorno correcto sin movimiento excesivo | J12: PASS | K12: Baja | L12: Funcional | N12: Nahuel Argandoña

Sheet TC Accesibilidad
A1: Casos de prueba — Accesibilidad
A2: Estado inicial NOT RUN. Completar fecha, entorno, resultado real y evidencia al ejecutar; PASS exige cumplir el resultado esperado.
A3: ID | B3: Título | C3: Requisitos | D3: Historia | E3: Tarea | F3: Precondiciones | G3: Datos de prueba | H3: Pasos | I3: Resultado esperado | J3: Estado | K3: Prioridad | L3: Etiquetas | M3: Evidencia | N3: Diseñado por | O3: Fecha ejecución | P3: Entorno / Resultado real
A4: CP10 | B4: Diseño responsive | C4: RNF01 | D4: HU02 | E4: TK11 | F4: Navegador con herramientas responsive | G4: 360 / 768 / 1440 px | H4: Revisar sitio en 360, 768 y 1440 px; recorrer secciones | I4: Sin desbordamiento horizontal ni controles superpuestos | J4: PASS | K4: Alta | L4: Responsive | N4: Nahuel Argandoña
A5: CP11 | B5: Teclado y contraste | C5: RNF02, RNF03, RNF04, RNF08 | D5: HU02, HU03, HU07 | E5: TK11 | F5: Ambos temas disponibles | G5: Datos del perfil y configuración del sitio | H5: Recorrer con Tab/Enter/Espacio; revisar foco, contraste y movimiento reducido; registrar navegador | I5: Controles utilizables, contenido legible y preferencias respetadas | J5: PASS | K5: Alta | L5: Accesibilidad | N5: Nahuel Argandoña

Sheet TC Despliegue
A1: Casos de prueba — Despliegue
A2: Estado inicial NOT RUN. Completar fecha, entorno, resultado real y evidencia al ejecutar; PASS exige cumplir el resultado esperado.
A3: ID | B3: Título | C3: Requisitos | D3: Historia | E3: Tarea | F3: Precondiciones | G3: Datos de prueba | H3: Pasos | I3: Resultado esperado | J3: Estado | K3: Prioridad | L3: Etiquetas | M3: Evidencia | N3: Diseñado por | O3: Fecha ejecución | P3: Entorno / Resultado real
A4: CP12 | B4: Build y publicación | C4: RF13, RNF05, RNF06, RNF07, RNF09, RNF10 | D4: Transversal | E4: TK01, TK07, TK12, TK13, TK14 | F4: Configuración real y contenido validados | G4: Datos del perfil y configuración del sitio | H4: Ejecutar build; publicar; revisar carga directa, recursos, año, metadatos y Lighthouse; registrar URL e informe | I4: Build exitoso, sitio disponible y datos correctos; métricas registradas sin resultados supuestos | J4: PASS | K4: Alta | L4: Despliegue / Calidad | N4: Nahuel Argandoña
